Metric,Forecast,Actual,Error,Error %,AIC
dx_codeReviewDuration,388.30026758199017,340.82555410686444,47.474713475125725,13.929329213454524,40.496977157008274
bi_timeToMarket,11.50538107408909,12.782085997782314,1.2767049236932237,9.988236066591412,15.02531153249599
bi_communityGrowth,39.95086,39.95086,0.0,0.0,-75.37133084603562
