Аналіз,Target,N Predictors,R²,Adjusted R²,F-statistic,F p-value,AIC,BIC
Overall Score from Categories,overallScore,3,0.17319436085161977,0.11927225395063834,3.2119360834631605,0.03147739822720876,327.90399131765463,335.5520833393672
Business Impact from DX,bi_timeToMarket,7,0.7840349918000263,0.7594935135954839,31.947341772383812,1.3540962314819468e-13,327.76237620508124,339.2345142376501
Community Growth from TP,bi_communityGrowth,6,0.7315825897956978,0.7010806113633907,23.984758608996334,1.4672767820077536e-11,417.1019269485807,428.57406498114955
